provincia_id,provincia_nombre,anio,codigo_delito_snic_id,codigo_delito_snic_nombre,cantidad_hechos,cantidad_victimas,cantidad_victimas_masc,cantidad_victimas_fem,cantidad_victimas_sd,tasa_hechos,tasa_victimas,tasa_victimas_masc,tasa_victimas_fem
94,"Tierra del Fuego, Antártida e Islas del Atlántico Sur",2018,2,Homicidios dolosos en grado de tentativa,5,5,3,2,0,3.0313318,3.0313318,3.5662913,2.4745431
94,"Tierra del Fuego, Antártida e Islas del Atlántico Sur",2018,3,Muertes en accidentes viales,7,7,7,0,0,4.2438645,4.2438645,8.3213463,0
94,"Tierra del Fuego, Antártida e Islas del Atlántico Sur",2018,4,Homicidios culposos por otros hechos,0,0,0,0,0,0,0,0,0
94,"Tierra del Fuego, Antártida e Islas del Atlántico Sur",2018,5,Lesiones dolosas,733,735,339,396,0,444.39325,445.60577,402.99094,489.95953
94,"Tierra del Fuego, Antártida e Islas del Atlántico Sur",2018,6,Lesiones culposas en Accidentes Viales,174,221,138,83,0,105.49035,133.98486,164.04941,102.69354
94,"Tierra del Fuego, Antártida e Islas del Atlántico Sur",2018,7,Lesiones culposas por otros hechos,16,16,6,10,0,9.7002621,9.7002621,7.1325827,12.372716
94,"Tierra del Fuego, Antártida e Islas del Atlántico Sur",2018,8,Otros delitos contra las personas,1305,1305,517,788,0,791.17761,791.17761,614.59088,974.96997
94,"Tierra del Fuego, Antártida e Islas del Atlántico Sur",2018,9,Delitos contra el honor,7,7,4,3,0,4.2438645,4.2438645,4.7550554,3.7118146
94,"Tierra del Fuego, Antártida e Islas del Atlántico Sur",2018,10,Abusos sexuales con acceso carnal (violaciones),44,44,2,42,0,26.67572,26.67572,2.3775277,51.965405
94,"Tierra del Fuego, Antártida e Islas del Atlántico Sur",2018,11,Otros delitos contra la integridad sexual,162,163,28,135,0,98.215149,98.821419,33.285385,167.03166
94,"Tierra del Fuego, Antártida e Islas del Atlántico Sur",2018,12,Delitos contra el estado civil,1,0,0,0,0,.60626638,0,0,0
94,"Tierra del Fuego, Antártida e Islas del Atlántico Sur",2018,13,Amenazas,1034,0,0,0,0,626.87946,0,0,0
94,"Tierra del Fuego, Antártida e Islas del Atlántico Sur",2018,14,Otros delitos contra la libertad,4,4,0,4,0,2.4250655,2.4250655,0,4.9490862
94,"Tierra del Fuego, Antártida e Islas del Atlántico Sur",2018,14_1,Trata de personas simple,1,1,0,1,0,.60626638,.60626638,0,1.2372715
94,"Tierra del Fuego, Antártida e Islas del Atlántico Sur",2018,14_2,Trata de personas agravado,0,0,0,0,0,0,0,0,0
94,"Tierra del Fuego, Antártida e Islas del Atlántico Sur",2018,14_3,Otros delitos contra la libertad,3,3,0,3,0,1.8187991,1.8187991,0,3.7118146
94,"Tierra del Fuego, Antártida e Islas del Atlántico Sur",2018,15,Robos (excluye los agravados por el resultado de lesiones y/o muertes),733,0,0,0,0,444.39325,0,0,0
94,"Tierra del Fuego, Antártida e Islas del Atlántico Sur",2018,16,Tentativas de robo (excluye las agravadas por el res. de lesiones y/o muerte),220,0,0,0,0,133.3786,0,0,0
94,"Tierra del Fuego, Antártida e Islas del Atlántico Sur",2018,17,Robos agravados por el resultado de lesiones y/o muertes,1,0,0,0,0,.60626638,0,0,0
94,"Tierra del Fuego, Antártida e Islas del Atlántico Sur",2018,18,Tentativas de robo agravado por el resultado de lesiones y/o muertes,1,0,0,0,0,.60626638,0,0,0
94,"Tierra del Fuego, Antártida e Islas del Atlántico Sur",2018,19,Hurtos,998,0,0,0,0,605.05383,0,0,0
94,"Tierra del Fuego, Antártida e Islas del Atlántico Sur",2018,20,Tentativas de hurto,121,0,0,0,0,73.358231,0,0,0
94,"Tierra del Fuego, Antártida e Islas del Atlántico Sur",2018,21,Otros delitos contra la propiedad,998,0,0,0,0,605.05383,0,0,0
94,"Tierra del Fuego, Antártida e Islas del Atlántico Sur",2018,22,Delitos contra la seguridad pública,3,0,0,0,0,1.8187991,0,0,0
94,"Tierra del Fuego, Antártida e Islas del Atlántico Sur",2018,22_1,Fabricación adquisición transferencia y tenencia de explosivos y otros materiales peligrosos,0,0,0,0,0,0,0,0,0
94,"Tierra del Fuego, Antártida e Islas del Atlántico Sur",2018,22_2,Tenencia ilegal de armas de fuego,1,0,0,0,0,.60626638,0,0,0
94,"Tierra del Fuego, Antártida e Islas del Atlántico Sur",2018,22_3,Portación ilegal de armas de fuego,0,0,0,0,0,0,0,0,0
94,"Tierra del Fuego, Antártida e Islas del Atlántico Sur",2018,22_4,Acopio y fabricación ilegal de armas piezas y municiones,0,0,0,0,0,0,0,0,0
94,"Tierra del Fuego, Antártida e Islas del Atlántico Sur",2018,22_5,Entrega y comercialización ilegal de armas de fuego,0,0,0,0,0,0,0,0,0
94,"Tierra del Fuego, Antártida e Islas del Atlántico Sur",2018,22_6,Omisión adulteración y supresión de marcaje,0,0,0,0,0,0,0,0,0
94,"Tierra del Fuego, Antártida e Islas del Atlántico Sur",2018,22_7,Otros delitos contra la seguridad pública,2,0,0,0,0,1.2125328,0,0,0
94,"Tierra del Fuego, Antártida e Islas del Atlántico Sur",2018,23,Delitos contra el orden público,9,0,0,0,0,5.4563975,0,0,0
94,"Tierra del Fuego, Antártida e Islas del Atlántico Sur",2018,24,Delitos contra la seguridad de la nación,0,0,0,0,0,0,0,0,0
94,"Tierra del Fuego, Antártida e Islas del Atlántico Sur",2018,25,Delitos contra los poderes públicos y el orden constitucional,1,0,0,0,0,.60626638,0,0,0
94,"Tierra del Fuego, Antártida e Islas del Atlántico Sur",2018,26,Delitos contra la administración pública,8,0,0,0,0,4.850131,0,0,0
94,"Tierra del Fuego, Antártida e Islas del Atlántico Sur",2018,27,Delitos contra la fe pública,1,0,0,0,0,.60626638,0,0,0
94,"Tierra del Fuego, Antártida e Islas del Atlántico Sur",2018,28,Ley 23.737 (estupefacientes),69,0,0,0,0,41.832378,0,0,0
94,"Tierra del Fuego, Antártida e Islas del Atlántico Sur",2018,28_1,Siembra y producción de estupefacientes,1,0,0,0,0,.60626638,0,0,0
94,"Tierra del Fuego, Antártida e Islas del Atlántico Sur",2018,28_2,Comercialización y entrega de estupefacientes,8,0,0,0,0,4.850131,0,0,0
94,"Tierra del Fuego, Antártida e Islas del Atlántico Sur",2018,28_3,Tenencia o entrega atenuada de estupefacientes,0,0,0,0,0,0,0,0,0
94,"Tierra del Fuego, Antártida e Islas del Atlántico Sur",2018,28_4,Desvío de Importación de estupefacientes,0,0,0,0,0,0,0,0,0
94,"Tierra del Fuego, Antártida e Islas del Atlántico Sur",2018,28_5,Organización y financiación de estupefacientes,0,0,0,0,0,0,0,0,0
94,"Tierra del Fuego, Antártida e Islas del Atlántico Sur",2018,28_6,Tenencia simple de estupefacientes,4,0,0,0,0,2.4250655,0,0,0
94,"Tierra del Fuego, Antártida e Islas del Atlántico Sur",2018,28_7,Tenencia simple atenuada para uso personal de estupefacientes,1,0,0,0,0,.60626638,0,0,0
94,"Tierra del Fuego, Antártida e Islas del Atlántico Sur",2018,28_8,Confabulación de estupefacientes,0,0,0,0,0,0,0,0,0
94,"Tierra del Fuego, Antártida e Islas del Atlántico Sur",2018,28_9,Contrabando de estupefacientes,8,0,0,0,0,4.850131,0,0,0
94,"Tierra del Fuego, Antártida e Islas del Atlántico Sur",2018,28_10,Otros delitos previstos en la ley 23.737,47,0,0,0,0,28.49452,0,0,0
94,"Tierra del Fuego, Antártida e Islas del Atlántico Sur",2018,29,Delitos previstos en otras leyes,2660,0,0,0,0,1612.6686,0,0,0
94,"Tierra del Fuego, Antártida e Islas del Atlántico Sur",2018,29_1,Ley de residuos peligrosos,0,0,0,0,0,0,0,0,0
94,"Tierra del Fuego, Antártida e Islas del Atlántico Sur",2018,29_2,Ley de fauna,0,0,0,0,0,0,0,0,0
94,"Tierra del Fuego, Antártida e Islas del Atlántico Sur",2018,29_3,Delitos migratorios,0,0,0,0,0,0,0,0,0
94,"Tierra del Fuego, Antártida e Islas del Atlántico Sur",2018,29_4,Obstrucción del código aduanero,0,0,0,0,0,0,0,0,0
94,"Tierra del Fuego, Antártida e Islas del Atlántico Sur",2018,29_5,Contrabando Simple,0,0,0,0,0,0,0,0,0
94,"Tierra del Fuego, Antártida e Islas del Atlántico Sur",2018,29_6,Contrabando Agravado,0,0,0,0,0,0,0,0,0
94,"Tierra del Fuego, Antártida e Islas del Atlántico Sur",2018,29_7,Contrabando de elementos nucleares agresivos químicos armas y municiones,0,0,0,0,0,0,0,0,0
94,"Tierra del Fuego, Antártida e Islas del Atlántico Sur",2018,29_8,Otros delitos previstos en leyes especiales,2660,0,0,0,0,1612.6686,0,0,0
94,"Tierra del Fuego, Antártida e Islas del Atlántico Sur",2018,30,Contravenciones,1857,0,0,0,0,1125.8367,0,0,0
94,"Tierra del Fuego, Antártida e Islas del Atlántico Sur",2018,31,Suicidios (consumados),14,14,12,2,0,9.2677183,9.2677183,15.590085,2.6994197
94,"Tierra del Fuego, Antártida e Islas del Atlántico Sur",2018,32,Delitos contra el orden económico y financiero,8,0,0,0,0,4.850131,0,0,0
94,"Tierra del Fuego, Antártida e Islas del Atlántico Sur",2019,1,Homicidios dolosos,5,5,3,2,0,2.9553797,2.9553797,3.4776561,2.4120214
94,"Tierra del Fuego, Antártida e Islas del Atlántico Sur",2019,2,Homicidios dolosos en grado de tentativa,12,12,8,4,0,7.0929112,7.0929112,9.2737494,4.8240428
94,"Tierra del Fuego, Antártida e Islas del Atlántico Sur",2019,3,Muertes en accidentes viales,6,6,5,1,0,3.5464556,3.5464556,5.7960935,1.2060107
94,"Tierra del Fuego, Antártida e Islas del Atlántico Sur",2019,4,Homicidios culposos por otros hechos,0,0,0,0,0,0,0,0,0
94,"Tierra del Fuego, Antártida e Islas del Atlántico Sur",2019,5,Lesiones dolosas,702,703,335,352,16,414.9353,415.5264,388.33826,424.51578
94,"Tierra del Fuego, Antártida e Islas del Atlántico Sur",2019,6,Lesiones culposas en Accidentes Viales,146,179,115,64,0,86.297089,105.80259,133.31015,77.184685
94,"Tierra del Fuego, Antártida e Islas del Atlántico Sur",2019,7,Lesiones culposas por otros hechos,26,26,10,16,0,15.367974,15.367974,11.592187,19.296171
94,"Tierra del Fuego, Antártida e Islas del Atlántico Sur",2019,8,Otros delitos contra las personas,1331,1341,536,779,26,786.72205,792.63281,621.34119,939.48236
94,"Tierra del Fuego, Antártida e Islas del Atlántico Sur",2019,9,Delitos contra el honor,5,5,4,1,0,2.9553797,2.9553797,4.6368747,1.2060107
94,"Tierra del Fuego, Antártida e Islas del Atlántico Sur",2019,10,Abusos sexuales con acceso carnal (violaciones),49,49,10,34,5,28.962721,28.962721,11.592187,41.004364
94,"Tierra del Fuego, Antártida e Islas del Atlántico Sur",2019,11,Otros delitos contra la integridad sexual,202,202,9,192,1,119.39734,119.39734,10.432968,231.55406
94,"Tierra del Fuego, Antártida e Islas del Atlántico Sur",2019,12,Delitos contra el estado civil,1,0,0,0,0,.59107596,0,0,0
94,"Tierra del Fuego, Antártida e Islas del Atlántico Sur",2019,13,Amenazas,1091,0,0,0,0,644.86383,0,0,0
94,"Tierra del Fuego, Antártida e Islas del Atlántico Sur",2019,14,Otros delitos contra la libertad,10,10,4,6,0,5.9107594,5.9107594,4.6368747,7.2360644
94,"Tierra del Fuego, Antártida e Islas del Atlántico Sur",2019,14_1,Trata de personas simple,3,3,0,3,0,1.7732278,1.7732278,0,3.6180322
94,"Tierra del Fuego, Antártida e Islas del Atlántico Sur",2019,14_2,Trata de personas agravado,0,0,0,0,0,0,0,0,0
94,"Tierra del Fuego, Antártida e Islas del Atlántico Sur",2019,14_3,Otros delitos contra la libertad,7,7,4,3,0,4.1375318,4.1375318,4.6368747,3.6180322
94,"Tierra del Fuego, Antártida e Islas del Atlántico Sur",2019,15,Robos (excluye los agravados por el resultado de lesiones y/o muertes),709,0,0,0,0,419.07285,0,0,0
94,"Tierra del Fuego, Antártida e Islas del Atlántico Sur",2019,16,Tentativas de robo (excluye las agravadas por el res. de lesiones y/o muerte),205,0,0,0,0,121.17057,0,0,0
94,"Tierra del Fuego, Antártida e Islas del Atlántico Sur",2019,17,Robos agravados por el resultado de lesiones y/o muertes,5,0,0,0,0,2.9553797,0,0,0
94,"Tierra del Fuego, Antártida e Islas del Atlántico Sur",2019,18,Tentativas de robo agravado por el resultado de lesiones y/o muertes,0,0,0,0,0,0,0,0,0
94,"Tierra del Fuego, Antártida e Islas del Atlántico Sur",2019,19,Hurtos,1111,0,0,0,0,656.68536,0,0,0
94,"Tierra del Fuego, Antártida e Islas del Atlántico Sur",2019,20,Tentativas de hurto,119,0,0,0,0,70.338036,0,0,0
94,"Tierra del Fuego, Antártida e Islas del Atlántico Sur",2019,21,Otros delitos contra la propiedad,999,0,0,0,0,590.48486,0,0,0
94,"Tierra del Fuego, Antártida e Islas del Atlántico Sur",2019,22,Delitos contra la seguridad pública,7,0,0,0,0,4.1375318,0,0,0
94,"Tierra del Fuego, Antártida e Islas del Atlántico Sur",2019,22_1,Fabricación adquisición transferencia y tenencia de explosivos y otros materiales peligrosos,0,0,0,0,0,0,0,0,0
94,"Tierra del Fuego, Antártida e Islas del Atlántico Sur",2019,22_2,Tenencia ilegal de armas de fuego,4,0,0,0,0,2.3643038,0,0,0
94,"Tierra del Fuego, Antártida e Islas del Atlántico Sur",2019,22_3,Portación ilegal de armas de fuego,0,0,0,0,0,0,0,0,0
94,"Tierra del Fuego, Antártida e Islas del Atlántico Sur",2019,22_4,Acopio y fabricación ilegal de armas piezas y municiones,0,0,0,0,0,0,0,0,0
94,"Tierra del Fuego, Antártida e Islas del Atlántico Sur",2019,22_5,Entrega y comercialización ilegal de armas de fuego,0,0,0,0,0,0,0,0,0
94,"Tierra del Fuego, Antártida e Islas del Atlántico Sur",2019,22_6,Omisión adulteración y supresión de marcaje,0,0,0,0,0,0,0,0,0
94,"Tierra del Fuego, Antártida e Islas del Atlántico Sur",2019,22_7,Otros delitos contra la seguridad pública,3,0,0,0,0,1.7732278,0,0,0
94,"Tierra del Fuego, Antártida e Islas del Atlántico Sur",2019,23,Delitos contra el orden público,7,0,0,0,0,4.1375318,0,0,0
94,"Tierra del Fuego, Antártida e Islas del Atlántico Sur",2019,24,Delitos contra la seguridad de la nación,0,0,0,0,0,0,0,0,0
94,"Tierra del Fuego, Antártida e Islas del Atlántico Sur",2019,25,Delitos contra los poderes públicos y el orden constitucional,1,0,0,0,0,.59107596,0,0,0
94,"Tierra del Fuego, Antártida e Islas del Atlántico Sur",2019,26,Delitos contra la administración pública,7,0,0,0,0,4.1375318,0,0,0
94,"Tierra del Fuego, Antártida e Islas del Atlántico Sur",2019,27,Delitos contra la fe pública,5,0,0,0,0,2.9553797,0,0,0
94,"Tierra del Fuego, Antártida e Islas del Atlántico Sur",2019,28,Ley 23.737 (estupefacientes),149,0,0,0,0,88.070313,0,0,0
94,"Tierra del Fuego, Antártida e Islas del Atlántico Sur",2019,28_1,Siembra y producción de estupefacientes,14,0,0,0,0,8.2750635,0,0,0
94,"Tierra del Fuego, Antártida e Islas del Atlántico Sur",2019,28_2,Comercialización y entrega de estupefacientes,22,0,0,0,0,13.003671,0,0,0
94,"Tierra del Fuego, Antártida e Islas del Atlántico Sur",2019,28_3,Tenencia o entrega atenuada de estupefacientes,0,0,0,0,0,0,0,0,0
94,"Tierra del Fuego, Antártida e Islas del Atlántico Sur",2019,28_4,Desvío de Importación de estupefacientes,0,0,0,0,0,0,0,0,0
94,"Tierra del Fuego, Antártida e Islas del Atlántico Sur",2019,28_5,Organización y financiación de estupefacientes,0,0,0,0,0,0,0,0,0
94,"Tierra del Fuego, Antártida e Islas del Atlántico Sur",2019,28_6,Tenencia simple de estupefacientes,18,0,0,0,0,10.639367,0,0,0
94,"Tierra del Fuego, Antártida e Islas del Atlántico Sur",2019,28_7,Tenencia simple atenuada para uso personal de estupefacientes,33,0,0,0,0,19.505507,0,0,0
94,"Tierra del Fuego, Antártida e Islas del Atlántico Sur",2019,28_8,Confabulación de estupefacientes,0,0,0,0,0,0,0,0,0
94,"Tierra del Fuego, Antártida e Islas del Atlántico Sur",2019,28_9,Contrabando de estupefacientes,5,0,0,0,0,2.9553797,0,0,0
94,"Tierra del Fuego, Antártida e Islas del Atlántico Sur",2019,28_10,Otros delitos previstos en la ley 23.737,57,0,0,0,0,33.69133,0,0,0
94,"Tierra del Fuego, Antártida e Islas del Atlántico Sur",2019,29,Delitos previstos en otras leyes,3011,0,0,0,0,1779.7296,0,0,0
94,"Tierra del Fuego, Antártida e Islas del Atlántico Sur",2019,29_1,Ley de residuos peligrosos,0,0,0,0,0,0,0,0,0
94,"Tierra del Fuego, Antártida e Islas del Atlántico Sur",2019,29_2,Ley de fauna,5,0,0,0,0,2.9553797,0,0,0
94,"Tierra del Fuego, Antártida e Islas del Atlántico Sur",2019,29_3,Delitos migratorios,144,0,0,0,0,85.114937,0,0,0
94,"Tierra del Fuego, Antártida e Islas del Atlántico Sur",2019,29_4,Obstrucción del código aduanero,0,0,0,0,0,0,0,0,0
94,"Tierra del Fuego, Antártida e Islas del Atlántico Sur",2019,29_5,Contrabando Simple,8,0,0,0,0,4.7286077,0,0,0
94,"Tierra del Fuego, Antártida e Islas del Atlántico Sur",2019,29_6,Contrabando Agravado,0,0,0,0,0,0,0,0,0
94,"Tierra del Fuego, Antártida e Islas del Atlántico Sur",2019,29_7,Contrabando de elementos nucleares agresivos químicos armas y municiones,0,0,0,0,0,0,0,0,0
94,"Tierra del Fuego, Antártida e Islas del Atlántico Sur",2019,29_8,Otros delitos previstos en leyes especiales,2854,0,0,0,0,1686.9307,0,0,0
94,"Tierra del Fuego, Antártida e Islas del Atlántico Sur",2019,30,Contravenciones,2125,0,0,0,0,1256.0364,0,0,0
94,"Tierra del Fuego, Antártida e Islas del Atlántico Sur",2019,31,Suicidios (consumados),15,15,14,1,0,9.6711798,9.6711798,17.718603,1.3142849
94,"Tierra del Fuego, Antártida e Islas del Atlántico Sur",2019,32,Delitos contra el orden económico y financiero,16,0,0,0,0,9.4572153,0,0,0
94,"Tierra del Fuego, Antártida e Islas del Atlántico Sur",2020,1,Homicidios dolosos,1,1,1,0,0,.57659489,.57659489,1.1310682,0
94,"Tierra del Fuego, Antártida e Islas del Atlántico Sur",2020,2,Homicidios dolosos en grado de tentativa,2,2,2,0,0,1.1531898,1.1531898,2.2621365,0
94,"Tierra del Fuego, Antártida e Islas del Atlántico Sur",2020,3,Muertes en accidentes viales,6,8,6,2,0,3.4595692,4.6127591,6.7864089,2.3523877
94,"Tierra del Fuego, Antártida e Islas del Atlántico Sur",2020,4,Homicidios culposos por otros hechos,1,1,0,1,0,.57659489,.57659489,0,1.1761938
94,"Tierra del Fuego, Antártida e Islas del Atlántico Sur",2020,5,Lesiones dolosas,648,649,282,366,1,373.63348,374.21005,318.96121,430.48694
94,"Tierra del Fuego, Antártida e Islas del Atlántico Sur",2020,6,Lesiones culposas en Accidentes Viales,68,84,58,26,0,39.20845,48.433968,65.601952,30.581039
94,"Tierra del Fuego, Antártida e Islas del Atlántico Sur",2020,7,Lesiones culposas por otros hechos,5,5,4,1,0,2.8829744,2.8829744,4.5242729,1.1761938
94,"Tierra del Fuego, Antártida e Islas del Atlántico Sur",2020,8,Otros delitos contra las personas,1074,1074,515,558,1,619.26288,619.26288,582.50012,656.31616
94,"Tierra del Fuego, Antártida e Islas del Atlántico Sur",2020,9,Delitos contra el honor,22,22,12,10,0,12.685087,12.685087,13.572818,11.761938
94,"Tierra del Fuego, Antártida e Islas del Atlántico Sur",2020,10,Abusos sexuales con acceso carnal (violaciones),44,44,3,41,0,25.370174,25.370174,3.3932045,48.223946
94,"Tierra del Fuego, Antártida e Islas del Atlántico Sur",2020,11,Otros delitos contra la integridad sexual,202,202,24,178,0,116.47216,116.47216,27.145636,209.3625
94,"Tierra del Fuego, Antártida e Islas del Atlántico Sur",2020,12,Delitos contra el estado civil,0,0,0,0,0,0,0,0,0
94,"Tierra del Fuego, Antártida e Islas del Atlántico Sur",2020,13,Amenazas,1056,0,0,0,0,608.88416,0,0,0
94,"Tierra del Fuego, Antártida e Islas del Atlántico Sur",2020,14,Otros delitos contra la libertad,10,10,3,7,0,5.7659488,5.7659488,3.3932045,8.2333565
94,"Tierra del Fuego, Antártida e Islas del Atlántico Sur",2020,14_1,Trata de personas simple,2,2,0,2,0,1.1531898,1.1531898,0,2.3523877
94,"Tierra del Fuego, Antártida e Islas del Atlántico Sur",2020,14_2,Trata de personas agravado,0,0,0,0,0,0,0,0,0
94,"Tierra del Fuego, Antártida e Islas del Atlántico Sur",2020,14_3,Otros delitos contra la libertad,8,8,3,5,0,4.6127591,4.6127591,3.3932045,5.880969
94,"Tierra del Fuego, Antártida e Islas del Atlántico Sur",2020,15,Robos (excluye los agravados por el resultado de lesiones y/o muertes),426,0,0,0,0,245.62941,0,0,0
94,"Tierra del Fuego, Antártida e Islas del Atlántico Sur",2020,16,Tentativas de robo (excluye las agravadas por el res. de lesiones y/o muerte),143,0,0,0,0,82.453064,0,0,0
94,"Tierra del Fuego, Antártida e Islas del Atlántico Sur",2020,17,Robos agravados por el resultado de lesiones y/o muertes,0,0,0,0,0,0,0,0,0
94,"Tierra del Fuego, Antártida e Islas del Atlántico Sur",2020,18,Tentativas de robo agravado por el resultado de lesiones y/o muertes,0,0,0,0,0,0,0,0,0
94,"Tierra del Fuego, Antártida e Islas del Atlántico Sur",2020,19,Hurtos,739,0,0,0,0,426.10361,0,0,0
94,"Tierra del Fuego, Antártida e Islas del Atlántico Sur",2020,20,Tentativas de hurto,122,0,0,0,0,70.344574,0,0,0
94,"Tierra del Fuego, Antártida e Islas del Atlántico Sur",2020,21,Otros delitos contra la propiedad,969,0,0,0,0,558.7204,0,0,0
94,"Tierra del Fuego, Antártida e Islas del Atlántico Sur",2020,22,Delitos contra la seguridad pública,578,0,0,0,0,333.27182,0,0,0
94,"Tierra del Fuego, Antártida e Islas del Atlántico Sur",2020,22_1,Fabricación adquisición transferencia y tenencia de explosivos y otros materiales peligrosos,1,0,0,0,0,.57659489,0,0,0
94,"Tierra del Fuego, Antártida e Islas del Atlántico Sur",2020,22_2,Tenencia ilegal de armas de fuego,1,0,0,0,0,.57659489,0,0,0
94,"Tierra del Fuego, Antártida e Islas del Atlántico Sur",2020,22_3,Portación ilegal de armas de fuego,0,0,0,0,0,0,0,0,0
94,"Tierra del Fuego, Antártida e Islas del Atlántico Sur",2020,22_4,Acopio y fabricación ilegal de armas piezas y municiones,0,0,0,0,0,0,0,0,0
94,"Tierra del Fuego, Antártida e Islas del Atlántico Sur",2020,22_5,Entrega y comercialización ilegal de armas de fuego,0,0,0,0,0,0,0,0,0
94,"Tierra del Fuego, Antártida e Islas del Atlántico Sur",2020,22_6,Omisión adulteración y supresión de marcaje,0,0,0,0,0,0,0,0,0
94,"Tierra del Fuego, Antártida e Islas del Atlántico Sur",2020,22_7,Otros delitos contra la seguridad pública,576,0,0,0,0,332.11865,0,0,0
94,"Tierra del Fuego, Antártida e Islas del Atlántico Sur",2020,23,Delitos contra el orden público,8,0,0,0,0,4.6127591,0,0,0
94,"Tierra del Fuego, Antártida e Islas del Atlántico Sur",2020,24,Delitos contra la seguridad de la nación,1,0,0,0,0,.57659489,0,0,0
94,"Tierra del Fuego, Antártida e Islas del Atlántico Sur",2020,25,Delitos contra los poderes públicos y el orden constitucional,0,0,0,0,0,0,0,0,0
94,"Tierra del Fuego, Antártida e Islas del Atlántico Sur",2020,26,Delitos contra la administración pública,153,0,0,0,0,88.219017,0,0,0
94,"Tierra del Fuego, Antártida e Islas del Atlántico Sur",2020,27,Delitos contra la fe pública,2,0,0,0,0,1.1531898,0,0,0
94,"Tierra del Fuego, Antártida e Islas del Atlántico Sur",2020,28,Ley 23.737 (estupefacientes),99,0,0,0,0,57.08289,0,0,0
94,"Tierra del Fuego, Antártida e Islas del Atlántico Sur",2020,28_1,Siembra y producción de estupefacientes,14,0,0,0,0,8.0723276,0,0,0
94,"Tierra del Fuego, Antártida e Islas del Atlántico Sur",2020,28_2,Comercialización y entrega de estupefacientes,21,0,0,0,0,12.108492,0,0,0
94,"Tierra del Fuego, Antártida e Islas del Atlántico Sur",2020,28_3,Tenencia o entrega atenuada de estupefacientes,2,0,0,0,0,1.1531898,0,0,0
94,"Tierra del Fuego, Antártida e Islas del Atlántico Sur",2020,28_4,Desvío de Importación de estupefacientes,0,0,0,0,0,0,0,0,0
94,"Tierra del Fuego, Antártida e Islas del Atlántico Sur",2020,28_5,Organización y financiación de estupefacientes,1,0,0,0,0,.57659489,0,0,0
94,"Tierra del Fuego, Antártida e Islas del Atlántico Sur",2020,28_6,Tenencia simple de estupefacientes,18,0,0,0,0,10.378708,0,0,0
94,"Tierra del Fuego, Antártida e Islas del Atlántico Sur",2020,28_7,Tenencia simple atenuada para uso personal de estupefacientes,8,0,0,0,0,4.6127591,0,0,0
94,"Tierra del Fuego, Antártida e Islas del Atlántico Sur",2020,28_8,Confabulación de estupefacientes,0,0,0,0,0,0,0,0,0
94,"Tierra del Fuego, Antártida e Islas del Atlántico Sur",2020,28_9,Contrabando de estupefacientes,4,0,0,0,0,2.3063796,0,0,0
94,"Tierra del Fuego, Antártida e Islas del Atlántico Sur",2020,28_10,Otros delitos previstos en la ley 23.737,31,0,0,0,0,17.874441,0,0,0
94,"Tierra del Fuego, Antártida e Islas del Atlántico Sur",2020,29,Delitos previstos en otras leyes,2008,0,0,0,0,1157.8025,0,0,0
94,"Tierra del Fuego, Antártida e Islas del Atlántico Sur",2020,29_1,Ley de residuos peligrosos,0,0,0,0,0,0,0,0,0
94,"Tierra del Fuego, Antártida e Islas del Atlántico Sur",2020,29_2,Ley de fauna,8,0,0,0,0,4.6127591,0,0,0
94,"Tierra del Fuego, Antártida e Islas del Atlántico Sur",2020,29_3,Delitos migratorios,38,0,0,0,0,21.910604,0,0,0
94,"Tierra del Fuego, Antártida e Islas del Atlántico Sur",2020,29_4,Obstrucción del código aduanero,0,0,0,0,0,0,0,0,0
94,"Tierra del Fuego, Antártida e Islas del Atlántico Sur",2020,29_5,Contrabando Simple,10,0,0,0,0,5.7659488,0,0,0
94,"Tierra del Fuego, Antártida e Islas del Atlántico Sur",2020,29_6,Contrabando Agravado,0,0,0,0,0,0,0,0,0
94,"Tierra del Fuego, Antártida e Islas del Atlántico Sur",2020,29_7,Contrabando de elementos nucleares agresivos químicos armas y municiones,2,0,0,0,0,1.1531898,0,0,0
94,"Tierra del Fuego, Antártida e Islas del Atlántico Sur",2020,29_8,Otros delitos previstos en leyes especiales,1950,0,0,0,0,1124.36,0,0,0
94,"Tierra del Fuego, Antártida e Islas del Atlántico Sur",2020,30,Contravenciones,1848,0,0,0,0,1065.5474,0,0,0
94,"Tierra del Fuego, Antártida e Islas del Atlántico Sur",2020,31,Suicidios (consumados),9,9,8,1,0,5.6550779,5.6550779,9.8695984,1.2805409
94,"Tierra del Fuego, Antártida e Islas del Atlántico Sur",2020,32,Delitos contra el orden económico y financiero,2,0,0,0,0,1.1531898,0,0,0
94,"Tierra del Fuego, Antártida e Islas del Atlántico Sur",2021,1,Homicidios dolosos,4,4,4,0,0,2.2510228,2.2510228,4.4167171,0
94,"Tierra del Fuego, Antártida e Islas del Atlántico Sur",2021,2,Homicidios dolosos en grado de tentativa,3,3,1,2,0,1.6882671,1.6882671,1.1041793,2.295368
94,"Tierra del Fuego, Antártida e Islas del Atlántico Sur",2021,3,Muertes en accidentes viales,7,9,7,2,0,3.9392898,5.0648012,7.7292552,2.295368
94,"Tierra del Fuego, Antártida e Islas del Atlántico Sur",2021,4,Homicidios culposos por otros hechos,1,1,0,1,0,.5627557,.5627557,0,1.147684
94,"Tierra del Fuego, Antártida e Islas del Atlántico Sur",2021,5,Lesiones dolosas,810,810,340,470,0,455.83212,455.83212,375.42096,539.41144
94,"Tierra del Fuego, Antártida e Islas del Atlántico Sur",2021,6,Lesiones culposas en Accidentes Viales,129,157,90,66,1,72.595482,88.352646,99.376137,75.747139
94,"Tierra del Fuego, Antártida e Islas del Atlántico Sur",2021,7,Lesiones culposas por otros hechos,10,10,8,2,0,5.6275568,5.6275568,8.8334341,2.295368
94,"Tierra del Fuego, Antártida e Islas del Atlántico Sur",2021,8,Otros delitos contra las personas,1321,1321,633,688,0,743.40027,743.40027,698.9455,789.60657
94,"Tierra del Fuego, Antártida e Islas del Atlántico Sur",2021,9,Delitos contra el honor,20,20,10,10,0,11.255114,11.255114,11.041793,11.47684
94,"Tierra del Fuego, Antártida e Islas del Atlántico Sur",2021,10,Abusos sexuales con acceso carnal (violaciones),54,54,5,47,2,30.388807,30.388807,5.5208964,53.941147
94,"Tierra del Fuego, Antártida e Islas del Atlántico Sur",2021,11,Otros delitos contra la integridad sexual,252,252,25,226,1,141.81444,141.81444,27.604483,259.37659
94,"Tierra del Fuego, Antártida e Islas del Atlántico Sur",2021,12,Delitos contra el estado civil,0,0,0,0,0,0,0,0,0
94,"Tierra del Fuego, Antártida e Islas del Atlántico Sur",2021,13,Amenazas,1220,0,0,0,0,686.56195,0,0,0
94,"Tierra del Fuego, Antártida e Islas del Atlántico Sur",2021,14,Otros delitos contra la libertad,8,8,7,0,1,4.5020456,4.5020456,7.7292552,0
94,"Tierra del Fuego, Antártida e Islas del Atlántico Sur",2021,14_1,Trata de personas simple,0,0,0,0,0,0,0,0,0
94,"Tierra del Fuego, Antártida e Islas del Atlántico Sur",2021,14_2,Trata de personas agravado,0,0,0,0,0,0,0,0,0
94,"Tierra del Fuego, Antártida e Islas del Atlántico Sur",2021,14_3,Otros delitos contra la libertad,8,8,7,0,1,4.5020456,4.5020456,7.7292552,0
94,"Tierra del Fuego, Antártida e Islas del Atlántico Sur",2021,15,Robos (excluye los agravados por el resultado de lesiones y/o muertes),435,0,0,0,0,244.79874,0,0,0
94,"Tierra del Fuego, Antártida e Islas del Atlántico Sur",2021,16,Tentativas de robo (excluye las agravadas por el res. de lesiones y/o muerte),123,0,0,0,0,69.218948,0,0,0
94,"Tierra del Fuego, Antártida e Islas del Atlántico Sur",2021,17,Robos agravados por el resultado de lesiones y/o muertes,0,0,0,0,0,0,0,0,0
94,"Tierra del Fuego, Antártida e Islas del Atlántico Sur",2021,18,Tentativas de robo agravado por el resultado de lesiones y/o muertes,2,0,0,0,0,1.1255114,0,0,0
94,"Tierra del Fuego, Antártida e Islas del Atlántico Sur",2021,19,Hurtos,900,0,0,0,0,506.48013,0,0,0
94,"Tierra del Fuego, Antártida e Islas del Atlántico Sur",2021,20,Tentativas de hurto,111,0,0,0,0,62.465881,0,0,0
94,"Tierra del Fuego, Antártida e Islas del Atlántico Sur",2021,21,Otros delitos contra la propiedad,1197,0,0,0,0,673.61859,0,0,0
94,"Tierra del Fuego, Antártida e Islas del Atlántico Sur",2021,22,Delitos contra la seguridad pública,246,0,0,0,0,138.4379,0,0,0
94,"Tierra del Fuego, Antártida e Islas del Atlántico Sur",2021,22_1,Fabricación adquisición transferencia y tenencia de explosivos y otros materiales peligrosos,3,0,0,0,0,1.6882671,0,0,0
94,"Tierra del Fuego, Antártida e Islas del Atlántico Sur",2021,22_2,Tenencia ilegal de armas de fuego,2,0,0,0,0,1.1255114,0,0,0
94,"Tierra del Fuego, Antártida e Islas del Atlántico Sur",2021,22_3,Portación ilegal de armas de fuego,0,0,0,0,0,0,0,0,0
94,"Tierra del Fuego, Antártida e Islas del Atlántico Sur",2021,22_4,Acopio y fabricación ilegal de armas piezas y municiones,0,0,0,0,0,0,0,0,0
94,"Tierra del Fuego, Antártida e Islas del Atlántico Sur",2021,22_5,Entrega y comercialización ilegal de armas de fuego,0,0,0,0,0,0,0,0,0
94,"Tierra del Fuego, Antártida e Islas del Atlántico Sur",2021,22_6,Omisión adulteración y supresión de marcaje,0,0,0,0,0,0,0,0,0
94,"Tierra del Fuego, Antártida e Islas del Atlántico Sur",2021,22_7,Otros delitos contra la seguridad pública,241,0,0,0,0,135.62413,0,0,0
94,"Tierra del Fuego, Antártida e Islas del Atlántico Sur",2021,23,Delitos contra el orden público,9,0,0,0,0,5.0648012,0,0,0
94,"Tierra del Fuego, Antártida e Islas del Atlántico Sur",2021,24,Delitos contra la seguridad de la nación,0,0,0,0,0,0,0,0,0
94,"Tierra del Fuego, Antártida e Islas del Atlántico Sur",2021,25,Delitos contra los poderes públicos y el orden constitucional,14,0,0,0,0,7.8785796,0,0,0
94,"Tierra del Fuego, Antártida e Islas del Atlántico Sur",2021,26,Delitos contra la administración pública,23,0,0,0,0,12.943381,0,0,0
94,"Tierra del Fuego, Antártida e Islas del Atlántico Sur",2021,27,Delitos contra la fe pública,3,0,0,0,0,1.6882671,0,0,0
94,"Tierra del Fuego, Antártida e Islas del Atlántico Sur",2021,28,Ley 23.737 (estupefacientes),230,0,0,0,0,129.43381,0,0,0
94,"Tierra del Fuego, Antártida e Islas del Atlántico Sur",2021,28_1,Siembra y producción de estupefacientes,26,0,0,0,0,14.631648,0,0,0
94,"Tierra del Fuego, Antártida e Islas del Atlántico Sur",2021,28_2,Comercialización y entrega de estupefacientes,39,0,0,0,0,21.947472,0,0,0
94,"Tierra del Fuego, Antártida e Islas del Atlántico Sur",2021,28_3,Tenencia o entrega atenuada de estupefacientes,0,0,0,0,0,0,0,0,0
94,"Tierra del Fuego, Antártida e Islas del Atlántico Sur",2021,28_4,Desvío de Importación de estupefacientes,0,0,0,0,0,0,0,0,0
94,"Tierra del Fuego, Antártida e Islas del Atlántico Sur",2021,28_5,Organización y financiación de estupefacientes,2,0,0,0,0,1.1255114,0,0,0
94,"Tierra del Fuego, Antártida e Islas del Atlántico Sur",2021,28_6,Tenencia simple de estupefacientes,51,0,0,0,0,28.700541,0,0,0
94,"Tierra del Fuego, Antártida e Islas del Atlántico Sur",2021,28_7,Tenencia simple atenuada para uso personal de estupefacientes,73,0,0,0,0,41.081165,0,0,0
94,"Tierra del Fuego, Antártida e Islas del Atlántico Sur",2021,28_8,Confabulación de estupefacientes,0,0,0,0,0,0,0,0,0
94,"Tierra del Fuego, Antártida e Islas del Atlántico Sur",2021,28_9,Contrabando de estupefacientes,3,0,0,0,0,1.6882671,0,0,0
94,"Tierra del Fuego, Antártida e Islas del Atlántico Sur",2021,28_10,Otros delitos previstos en la ley 23.737,36,0,0,0,0,20.259205,0,0,0
94,"Tierra del Fuego, Antártida e Islas del Atlántico Sur",2021,29,Delitos previstos en otras leyes,3169,0,0,0,0,1783.3728,0,0,0
94,"Tierra del Fuego, Antártida e Islas del Atlántico Sur",2021,29_1,Ley de residuos peligrosos,0,0,0,0,0,0,0,0,0
94,"Tierra del Fuego, Antártida e Islas del Atlántico Sur",2021,29_2,Ley de fauna,6,0,0,0,0,3.3765342,0,0,0
94,"Tierra del Fuego, Antártida e Islas del Atlántico Sur",2021,29_3,Delitos migratorios,127,0,0,0,0,71.469971,0,0,0
94,"Tierra del Fuego, Antártida e Islas del Atlántico Sur",2021,29_4,Obstrucción del código aduanero,17,0,0,0,0,9.5668468,0,0,0
94,"Tierra del Fuego, Antártida e Islas del Atlántico Sur",2021,29_5,Contrabando Simple,14,0,0,0,0,7.8785796,0,0,0
94,"Tierra del Fuego, Antártida e Islas del Atlántico Sur",2021,29_6,Contrabando Agravado,0,0,0,0,0,0,0,0,0
94,"Tierra del Fuego, Antártida e Islas del Atlántico Sur",2021,29_7,Contrabando de elementos nucleares agresivos químicos armas y municiones,0,0,0,0,0,0,0,0,0
94,"Tierra del Fuego, Antártida e Islas del Atlántico Sur",2021,29_8,Otros delitos previstos en leyes especiales,3005,0,0,0,0,1691.0809,0,0,0
94,"Tierra del Fuego, Antártida e Islas del Atlántico Sur",2021,30,Contravenciones,1343,0,0,0,0,755.78088,0,0,0
94,"Tierra del Fuego, Antártida e Islas del Atlántico Sur",2021,31,Suicidios (consumados),20,20,19,1,0,12.254076,12.254076,22.862919,1.2483304
94,"Tierra del Fuego, Antártida e Islas del Atlántico Sur",2021,32,Delitos contra el orden económico y financiero,6,0,0,0,0,3.3765342,0,0,0
94,"Tierra del Fuego, Antártida e Islas del Atlántico Sur",2022,1,Homicidios dolosos,4,5,3,2,0,2.1980076,2.7475095,3.2353036,2.2407458
94,"Tierra del Fuego, Antártida e Islas del Atlántico Sur",2022,2,Homicidios dolosos en grado de tentativa,1,1,1,0,0,.5495019,.5495019,1.0784346,0
94,"Tierra del Fuego, Antártida e Islas del Atlántico Sur",2022,3,Muertes en accidentes viales,4,5,4,1,0,2.1980076,2.7475095,4.3137383,1.1203729
94,"Tierra del Fuego, Antártida e Islas del Atlántico Sur",2022,4,Homicidios culposos por otros hechos,0,0,0,0,0,0,0,0,0
94,"Tierra del Fuego, Antártida e Islas del Atlántico Sur",2022,5,Lesiones dolosas,769,769,390,377,2,422.56696,422.56696,420.58948,422.38055
94,"Tierra del Fuego, Antártida e Islas del Atlántico Sur",2022,6,Lesiones culposas en Accidentes Viales,151,168,101,65,2,82.974785,92.316315,108.92189,72.824234
94,"Tierra del Fuego, Antártida e Islas del Atlántico Sur",2022,7,Lesiones culposas por otros hechos,12,12,7,5,0,6.5940228,6.5940228,7.5490417,5.6018643
94,"Tierra del Fuego, Antártida e Islas del Atlántico Sur",2022,8,Otros delitos contra las personas,1173,1173,555,618,0,644.56567,644.56567,598.53119,692.39044
94,"Tierra del Fuego, Antártida e Islas del Atlántico Sur",2022,9,Delitos contra el honor,12,12,4,8,0,6.5940228,6.5940228,4.3137383,8.9629831
94,"Tierra del Fuego, Antártida e Islas del Atlántico Sur",2022,10,Abusos sexuales con acceso carnal (violaciones),38,38,6,31,1,20.881071,20.881071,6.4706073,34.73156
94,"Tierra del Fuego, Antártida e Islas del Atlántico Sur",2022,11,Otros delitos contra la integridad sexual,235,237,31,206,0,129.13293,130.23195,33.431473,230.79681
94,"Tierra del Fuego, Antártida e Islas del Atlántico Sur",2022,12,Delitos contra el estado civil,0,0,0,0,0,0,0,0,0
94,"Tierra del Fuego, Antártida e Islas del Atlántico Sur",2022,13,Amenazas,1202,0,0,0,0,660.50128,0,0,0
94,"Tierra del Fuego, Antártida e Islas del Atlántico Sur",2022,14,Otros delitos contra la libertad,20,20,7,12,1,10.990038,10.990038,7.5490417,13.444474
94,"Tierra del Fuego, Antártida e Islas del Atlántico Sur",2022,14_1,Trata de personas simple,2,2,0,2,0,1.0990038,1.0990038,0,2.2407458
94,"Tierra del Fuego, Antártida e Islas del Atlántico Sur",2022,14_2,Trata de personas agravado,1,1,0,0,1,.5495019,.5495019,0,0
94,"Tierra del Fuego, Antártida e Islas del Atlántico Sur",2022,14_3,Otros delitos contra la libertad,17,17,7,10,0,9.3415318,9.3415318,7.5490417,11.203729
94,"Tierra del Fuego, Antártida e Islas del Atlántico Sur",2022,15,Robos (excluye los agravados por el resultado de lesiones y/o muertes),436,0,0,0,0,239.58282,0,0,0
94,"Tierra del Fuego, Antártida e Islas del Atlántico Sur",2022,16,Tentativas de robo (excluye las agravadas por el res. de lesiones y/o muerte),113,0,0,0,0,62.093712,0,0,0
94,"Tierra del Fuego, Antártida e Islas del Atlántico Sur",2022,17,Robos agravados por el resultado de lesiones y/o muertes,1,0,0,0,0,.5495019,0,0,0
94,"Tierra del Fuego, Antártida e Islas del Atlántico Sur",2022,18,Tentativas de robo agravado por el resultado de lesiones y/o muertes,7,0,0,0,0,3.846513,0,0,0
94,"Tierra del Fuego, Antártida e Islas del Atlántico Sur",2022,19,Hurtos,1131,0,0,0,0,621.48663,0,0,0
94,"Tierra del Fuego, Antártida e Islas del Atlántico Sur",2022,20,Tentativas de hurto,143,0,0,0,0,78.578766,0,0,0
94,"Tierra del Fuego, Antártida e Islas del Atlántico Sur",2022,21,Otros delitos contra la propiedad,1886,0,0,0,0,1036.3606,0,0,0
94,"Tierra del Fuego, Antártida e Islas del Atlántico Sur",2022,22,Delitos contra la seguridad pública,69,0,0,0,0,37.91563,0,0,0
94,"Tierra del Fuego, Antártida e Islas del Atlántico Sur",2022,22_1,Fabricación adquisición transferencia y tenencia de explosivos y otros materiales peligrosos,1,0,0,0,0,.5495019,0,0,0
94,"Tierra del Fuego, Antártida e Islas del Atlántico Sur",2022,22_2,Tenencia ilegal de armas de fuego,5,0,0,0,0,2.7475095,0,0,0
94,"Tierra del Fuego, Antártida e Islas del Atlántico Sur",2022,22_3,Portación ilegal de armas de fuego,10,0,0,0,0,5.495019,0,0,0
94,"Tierra del Fuego, Antártida e Islas del Atlántico Sur",2022,22_4,Acopio y fabricación ilegal de armas piezas y municiones,0,0,0,0,0,0,0,0,0
94,"Tierra del Fuego, Antártida e Islas del Atlántico Sur",2022,22_5,Entrega y comercialización ilegal de armas de fuego,0,0,0,0,0,0,0,0,0
94,"Tierra del Fuego, Antártida e Islas del Atlántico Sur",2022,22_6,Omisión adulteración y supresión de marcaje,0,0,0,0,0,0,0,0,0
94,"Tierra del Fuego, Antártida e Islas del Atlántico Sur",2022,22_7,Otros delitos contra la seguridad pública,53,0,0,0,0,29.1236,0,0,0
94,"Tierra del Fuego, Antártida e Islas del Atlántico Sur",2022,23,Delitos contra el orden público,14,0,0,0,0,7.6930261,0,0,0
94,"Tierra del Fuego, Antártida e Islas del Atlántico Sur",2022,24,Delitos contra la seguridad de la nación,2,0,0,0,0,1.0990038,0,0,0
94,"Tierra del Fuego, Antártida e Islas del Atlántico Sur",2022,25,Delitos contra los poderes públicos y el orden constitucional,8,0,0,0,0,4.3960152,0,0,0
94,"Tierra del Fuego, Antártida e Islas del Atlántico Sur",2022,26,Delitos contra la administración pública,22,0,0,0,0,12.089042,0,0,0
94,"Tierra del Fuego, Antártida e Islas del Atlántico Sur",2022,27,Delitos contra la fe pública,7,0,0,0,0,3.846513,0,0,0
94,"Tierra del Fuego, Antártida e Islas del Atlántico Sur",2022,28,Ley 23.737 (estupefacientes),290,0,0,0,0,159.35555,0,0,0
94,"Tierra del Fuego, Antártida e Islas del Atlántico Sur",2022,28_1,Siembra y producción de estupefacientes,9,0,0,0,0,4.9455171,0,0,0
94,"Tierra del Fuego, Antártida e Islas del Atlántico Sur",2022,28_2,Comercialización y entrega de estupefacientes,62,0,0,0,0,34.069115,0,0,0
94,"Tierra del Fuego, Antártida e Islas del Atlántico Sur",2022,28_3,Tenencia o entrega atenuada de estupefacientes,0,0,0,0,0,0,0,0,0
94,"Tierra del Fuego, Antártida e Islas del Atlántico Sur",2022,28_4,Desvío de Importación de estupefacientes,1,0,0,0,0,.5495019,0,0,0
94,"Tierra del Fuego, Antártida e Islas del Atlántico Sur",2022,28_5,Organización y financiación de estupefacientes,3,0,0,0,0,1.6485057,0,0,0
94,"Tierra del Fuego, Antártida e Islas del Atlántico Sur",2022,28_6,Tenencia simple de estupefacientes,18,0,0,0,0,9.8910341,0,0,0
94,"Tierra del Fuego, Antártida e Islas del Atlántico Sur",2022,28_7,Tenencia simple atenuada para uso personal de estupefacientes,173,0,0,0,0,95.063828,0,0,0
94,"Tierra del Fuego, Antártida e Islas del Atlántico Sur",2022,28_8,Confabulación de estupefacientes,8,0,0,0,0,4.3960152,0,0,0
94,"Tierra del Fuego, Antártida e Islas del Atlántico Sur",2022,28_9,Contrabando de estupefacientes,8,0,0,0,0,4.3960152,0,0,0
94,"Tierra del Fuego, Antártida e Islas del Atlántico Sur",2022,28_10,Otros delitos previstos en la ley 23.737,8,0,0,0,0,4.3960152,0,0,0
94,"Tierra del Fuego, Antártida e Islas del Atlántico Sur",2022,29,Delitos previstos en otras leyes,3252,0,0,0,0,1786.9801,0,0,0
94,"Tierra del Fuego, Antártida e Islas del Atlántico Sur",2022,29_1,Ley de residuos peligrosos,6,0,0,0,0,3.2970114,0,0,0
94,"Tierra del Fuego, Antártida e Islas del Atlántico Sur",2022,29_2,Ley de fauna,14,0,0,0,0,7.6930261,0,0,0
94,"Tierra del Fuego, Antártida e Islas del Atlántico Sur",2022,29_3,Delitos migratorios,104,0,0,0,0,57.148193,0,0,0
94,"Tierra del Fuego, Antártida e Islas del Atlántico Sur",2022,29_4,Obstrucción del código aduanero,4,0,0,0,0,2.1980076,0,0,0
94,"Tierra del Fuego, Antártida e Islas del Atlántico Sur",2022,29_5,Contrabando Simple,19,0,0,0,0,10.440536,0,0,0
94,"Tierra del Fuego, Antártida e Islas del Atlántico Sur",2022,29_6,Contrabando Agravado,23,0,0,0,0,12.638543,0,0,0
94,"Tierra del Fuego, Antártida e Islas del Atlántico Sur",2022,29_7,Contrabando de elementos nucleares agresivos químicos armas y municiones,0,0,0,0,0,0,0,0,0
94,"Tierra del Fuego, Antártida e Islas del Atlántico Sur",2022,29_8,Otros delitos previstos en leyes especiales,3082,0,0,0,0,1693.5648,0,0,0
94,"Tierra del Fuego, Antártida e Islas del Atlántico Sur",2022,30,Contravenciones,557,0,0,0,0,306.07254,0,0,0
94,"Tierra del Fuego, Antártida e Islas del Atlántico Sur",2022,31,Suicidios (consumados),22,22,12,10,0,13.150816,13.150816,14.091123,12.175818
94,"Tierra del Fuego, Antártida e Islas del Atlántico Sur",2022,32,Delitos contra el orden económico y financiero,2,0,0,0,0,1.0990038,0,0,0
94,"Tierra del Fuego, Antártida e Islas del Atlántico Sur",2023,1,Homicidios dolosos,2,2,2,0,0,1.0736238,1.0736238,2.1075926,0
94,"Tierra del Fuego, Antártida e Islas del Atlántico Sur",2023,2,Homicidios dolosos en grado de tentativa,1,1,0,1,0,.53681189,.53681189,0,1.0942116
94,"Tierra del Fuego, Antártida e Islas del Atlántico Sur",2023,3,Muertes en accidentes viales,5,6,4,2,0,2.6840594,3.2208712,4.2151852,2.1884232
94,"Tierra del Fuego, Antártida e Islas del Atlántico Sur",2023,4,Homicidios culposos por otros hechos,1,1,1,0,0,.53681189,.53681189,1.0537963,0
94,"Tierra del Fuego, Antártida e Islas del Atlántico Sur",2023,5,Lesiones dolosas,754,754,332,422,0,404.75616,404.75616,349.86038,461.75729
94,"Tierra del Fuego, Antártida e Islas del Atlántico Sur",2023,6,Lesiones culposas en Accidentes Viales,113,141,79,62,0,60.65974,75.690475,83.249908,67.841118
94,"Tierra del Fuego, Antártida e Islas del Atlántico Sur",2023,7,Lesiones culposas por otros hechos,11,11,10,1,0,5.9049306,5.9049306,10.537963,1.0942116
94,"Tierra del Fuego, Antártida e Islas del Atlántico Sur",2023,8,Otros delitos contra las personas,1323,1323,608,715,0,710.20209,710.20209,640.70813,782.36133
94,"Tierra del Fuego, Antártida e Islas del Atlántico Sur",2023,9,Delitos contra el honor,3,3,1,2,0,1.6104356,1.6104356,1.0537963,2.1884232
94,"Tierra del Fuego, Antártida e Islas del Atlántico Sur",2023,10,Abusos sexuales con acceso carnal (violaciones),53,53,5,46,2,28.451029,28.451029,5.2689815,50.333736
94,"Tierra del Fuego, Antártida e Islas del Atlántico Sur",2023,11,Otros delitos contra la integridad sexual,218,219,26,193,0,117.02499,117.5618,27.398705,211.18285
94,"Tierra del Fuego, Antártida e Islas del Atlántico Sur",2023,11_1,Tentativa de abuso sexual con acceso carnal,1,1,0,1,0,.53681189,.53681189,0,1.0942116
94,"Tierra del Fuego, Antártida e Islas del Atlántico Sur",2023,11_2,Abuso sexual simple,21,21,2,19,0,11.273049,11.273049,2.1075926,20.79002
94,"Tierra del Fuego, Antártida e Islas del Atlántico Sur",2023,11_3,Abuso sexual agravado,192,192,24,168,0,103.06788,103.06788,25.291111,183.82755
94,"Tierra del Fuego, Antártida e Islas del Atlántico Sur",2023,11_4,Ciberdelitos sexuales vinculados a menores,3,3,0,3,0,1.6104356,1.6104356,0,3.282635
94,"Tierra del Fuego, Antártida e Islas del Atlántico Sur",2023,11_5,Otros delitos contra la integridad sexual,1,2,0,2,0,.53681189,1.0736238,0,2.1884232
94,"Tierra del Fuego, Antártida e Islas del Atlántico Sur",2023,12,Delitos contra el estado civil,0,0,0,0,0,0,0,0,0
94,"Tierra del Fuego, Antártida e Islas del Atlántico Sur",2023,13,Amenazas,953,0,0,0,0,511.58173,0,0,0
94,"Tierra del Fuego, Antártida e Islas del Atlántico Sur",2023,14,Otros delitos contra la libertad,13,15,4,11,0,6.9785542,8.0521784,4.2151852,12.036327
94,"Tierra del Fuego, Antártida e Islas del Atlántico Sur",2023,14_1,Trata de personas simple,5,7,2,5,0,2.6840594,3.757683,2.1075926,5.4710579
94,"Tierra del Fuego, Antártida e Islas del Atlántico Sur",2023,14_2,Trata de personas agravado,0,0,0,0,0,0,0,0,0
94,"Tierra del Fuego, Antártida e Islas del Atlántico Sur",2023,14_3,Otros delitos contra la libertad,8,8,2,6,0,4.2944951,4.2944951,2.1075926,6.5652699
94,"Tierra del Fuego, Antártida e Islas del Atlántico Sur",2023,15,Robos (excluye los agravados por el resultado de lesiones y/o muertes),492,0,0,0,0,264.11145,0,0,0
94,"Tierra del Fuego, Antártida e Islas del Atlántico Sur",2023,16,Tentativas de robo (excluye las agravadas por el res. de lesiones y/o muerte),104,0,0,0,0,55.828434,0,0,0
94,"Tierra del Fuego, Antártida e Islas del Atlántico Sur",2023,17,Robos agravados por el resultado de lesiones y/o muertes,3,0,0,0,0,1.6104356,0,0,0
94,"Tierra del Fuego, Antártida e Islas del Atlántico Sur",2023,18,Tentativas de robo agravado por el resultado de lesiones y/o muertes,2,0,0,0,0,1.0736238,0,0,0
94,"Tierra del Fuego, Antártida e Islas del Atlántico Sur",2023,19,Hurtos,1154,0,0,0,0,619.4809,0,0,0
94,"Tierra del Fuego, Antártida e Islas del Atlántico Sur",2023,20,Tentativas de hurto,152,0,0,0,0,81.595406,0,0,0
94,"Tierra del Fuego, Antártida e Islas del Atlántico Sur",2023,21,Otros delitos contra la propiedad,2049,0,0,0,0,1099.9275,0,0,0
94,"Tierra del Fuego, Antártida e Islas del Atlántico Sur",2023,21_1,Extorsiones,6,0,0,0,0,3.2208712,0,0,0
94,"Tierra del Fuego, Antártida e Islas del Atlántico Sur",2023,21_2,Secuestros extorsivos,0,0,0,0,0,0,0,0,0
94,"Tierra del Fuego, Antártida e Islas del Atlántico Sur",2023,21_3,Estafas y defraudaciones (no incluye virtuales) y usura,427,0,0,0,0,229.21867,0,0,0
94,"Tierra del Fuego, Antártida e Islas del Atlántico Sur",2023,21_4,Estafas y defraudaciones asistidas virtualmente,731,0,0,0,0,392.40948,0,0,0
94,"Tierra del Fuego, Antártida e Islas del Atlántico Sur",2023,21_5,Daños (no incluye informáticos),863,0,0,0,0,463.26865,0,0,0
94,"Tierra del Fuego, Antártida e Islas del Atlántico Sur",2023,21_6,Acceso ilegal a sistemas informáticos y daños informáticos,0,0,0,0,0,0,0,0,0
94,"Tierra del Fuego, Antártida e Islas del Atlántico Sur",2023,21_7,Otros delitos contra la propiedad,22,0,0,0,0,11.809861,0,0,0
94,"Tierra del Fuego, Antártida e Islas del Atlántico Sur",2023,22,Delitos contra la seguridad pública,29,0,0,0,0,15.567544,0,0,0
94,"Tierra del Fuego, Antártida e Islas del Atlántico Sur",2023,22_1,Fabricación adquisición transferencia y tenencia de explosivos y otros materiales peligrosos,0,0,0,0,0,0,0,0,0
94,"Tierra del Fuego, Antártida e Islas del Atlántico Sur",2023,22_2,Tenencia ilegal de armas de fuego,1,0,0,0,0,.53681189,0,0,0
94,"Tierra del Fuego, Antártida e Islas del Atlántico Sur",2023,22_3,Portación ilegal de armas de fuego,5,0,0,0,0,2.6840594,0,0,0
94,"Tierra del Fuego, Antártida e Islas del Atlántico Sur",2023,22_4,Acopio y fabricación ilegal de armas piezas y municiones,0,0,0,0,0,0,0,0,0
94,"Tierra del Fuego, Antártida e Islas del Atlántico Sur",2023,22_5,Entrega y comercialización ilegal de armas de fuego,0,0,0,0,0,0,0,0,0
94,"Tierra del Fuego, Antártida e Islas del Atlántico Sur",2023,22_6,Omisión adulteración y supresión de marcaje,0,0,0,0,0,0,0,0,0
94,"Tierra del Fuego, Antártida e Islas del Atlántico Sur",2023,22_7,Otros delitos contra la seguridad pública,23,0,0,0,0,12.346673,0,0,0
94,"Tierra del Fuego, Antártida e Islas del Atlántico Sur",2023,23,Delitos contra el orden público,21,0,0,0,0,11.273049,0,0,0
94,"Tierra del Fuego, Antártida e Islas del Atlántico Sur",2023,24,Delitos contra la seguridad de la nación,0,0,0,0,0,0,0,0,0
94,"Tierra del Fuego, Antártida e Islas del Atlántico Sur",2023,25,Delitos contra los poderes públicos y el orden constitucional,0,0,0,0,0,0,0,0,0
94,"Tierra del Fuego, Antártida e Islas del Atlántico Sur",2023,26,Delitos contra la administración pública,17,0,0,0,0,9.125802,0,0,0
94,"Tierra del Fuego, Antártida e Islas del Atlántico Sur",2023,27,Delitos contra la fe pública,18,0,0,0,0,9.6626139,0,0,0
94,"Tierra del Fuego, Antártida e Islas del Atlántico Sur",2023,28,Ley 23.737 (estupefacientes),112,0,0,0,0,60.122929,0,0,0
94,"Tierra del Fuego, Antártida e Islas del Atlántico Sur",2023,28_1,Siembra y producción de estupefacientes,7,0,0,0,0,3.757683,0,0,0
94,"Tierra del Fuego, Antártida e Islas del Atlántico Sur",2023,28_2,Comercialización y entrega de estupefacientes,36,0,0,0,0,19.325228,0,0,0
94,"Tierra del Fuego, Antártida e Islas del Atlántico Sur",2023,28_3,Tenencia o entrega atenuada de estupefacientes,6,0,0,0,0,3.2208712,0,0,0
94,"Tierra del Fuego, Antártida e Islas del Atlántico Sur",2023,28_4,Desvío de Importación de estupefacientes,0,0,0,0,0,0,0,0,0
94,"Tierra del Fuego, Antártida e Islas del Atlántico Sur",2023,28_5,Organización y financiación de estupefacientes,0,0,0,0,0,0,0,0,0
94,"Tierra del Fuego, Antártida e Islas del Atlántico Sur",2023,28_6,Tenencia simple de estupefacientes,20,0,0,0,0,10.736238,0,0,0
94,"Tierra del Fuego, Antártida e Islas del Atlántico Sur",2023,28_7,Tenencia simple atenuada para uso personal de estupefacientes,17,0,0,0,0,9.125802,0,0,0
94,"Tierra del Fuego, Antártida e Islas del Atlántico Sur",2023,28_8,Confabulación de estupefacientes,0,0,0,0,0,0,0,0,0
94,"Tierra del Fuego, Antártida e Islas del Atlántico Sur",2023,28_9,Contrabando de estupefacientes,6,0,0,0,0,3.2208712,0,0,0
94,"Tierra del Fuego, Antártida e Islas del Atlántico Sur",2023,28_10,Otros delitos previstos en la ley 23.737,20,0,0,0,0,10.736238,0,0,0
94,"Tierra del Fuego, Antártida e Islas del Atlántico Sur",2023,29,Delitos previstos en otras leyes,3247,0,0,0,0,1743.0282,0,0,0
94,"Tierra del Fuego, Antártida e Islas del Atlántico Sur",2023,29_1,Ley de residuos peligrosos,0,0,0,0,0,0,0,0,0
94,"Tierra del Fuego, Antártida e Islas del Atlántico Sur",2023,29_2,Ley de fauna,16,0,0,0,0,8.5889902,0,0,0
94,"Tierra del Fuego, Antártida e Islas del Atlántico Sur",2023,29_3,Delitos migratorios,182,0,0,0,0,97.69976,0,0,0
94,"Tierra del Fuego, Antártida e Islas del Atlántico Sur",2023,29_4,Obstrucción del código aduanero,2,0,0,0,0,1.0736238,0,0,0
94,"Tierra del Fuego, Antártida e Islas del Atlántico Sur",2023,29_5,Contrabando Simple,17,0,0,0,0,9.125802,0,0,0
94,"Tierra del Fuego, Antártida e Islas del Atlántico Sur",2023,29_6,Contrabando Agravado,0,0,0,0,0,0,0,0,0
94,"Tierra del Fuego, Antártida e Islas del Atlántico Sur",2023,29_7,Contrabando de elementos nucleares agresivos químicos armas y municiones,1,0,0,0,0,.53681189,0,0,0
94,"Tierra del Fuego, Antártida e Islas del Atlántico Sur",2023,29_8,Otros delitos previstos en leyes especiales,3029,0,0,0,0,1626.0032,0,0,0
94,"Tierra del Fuego, Antártida e Islas del Atlántico Sur",2023,30,Contravenciones,227,0,0,0,0,121.85629,0,0,0
94,"Tierra del Fuego, Antártida e Islas del Atlántico Sur",2023,31,Suicidios (consumados),20,20,16,4,0,11.670382,11.670382,18.345257,4.7529645
94,"Tierra del Fuego, Antártida e Islas del Atlántico Sur",2023,32,Delitos contra el orden económico y financiero,8,0,0,0,0,4.2944951,0,0,0
94,"Tierra del Fuego, Antártida e Islas del Atlántico Sur",2024,1,Homicidios dolosos,2,3,2,1,0,1.0493125,1.5739686,2.0604112,1.0691414
94,"Tierra del Fuego, Antártida e Islas del Atlántico Sur",2024,2,Homicidios dolosos en grado de tentativa,5,5,1,3,1,2.623281,2.623281,1.0302056,3.2074242
94,"Tierra del Fuego, Antártida e Islas del Atlántico Sur",2024,3,Muertes en accidentes viales,5,6,4,2,0,2.623281,3.1479373,4.1208224,2.1382828
94,"Tierra del Fuego, Antártida e Islas del Atlántico Sur",2024,4,Homicidios culposos por otros hechos,0,0,0,0,0,0,0,0,0
94,"Tierra del Fuego, Antártida e Islas del Atlántico Sur",2024,5,Lesiones dolosas,915,915,368,547,0,480.06046,480.06046,379.11566,584.82031
94,"Tierra del Fuego, Antártida e Islas del Atlántico Sur",2024,6,Lesiones culposas en Accidentes Viales,138,159,91,68,0,72.402557,83.420341,93.748711,72.701614
94,"Tierra del Fuego, Antártida e Islas del Atlántico Sur",2024,7,Lesiones culposas por otros hechos,2,2,1,1,0,1.0493125,1.0493125,1.0302056,1.0691414
94,"Tierra del Fuego, Antártida e Islas del Atlántico Sur",2024,8,Otros delitos contra las personas,1274,1275,515,760,0,668.41205,668.93671,530.55591,812.54742
94,"Tierra del Fuego, Antártida e Islas del Atlántico Sur",2024,9,Delitos contra el honor,4,4,3,1,0,2.0986249,2.0986249,3.0906169,1.0691414
94,"Tierra del Fuego, Antártida e Islas del Atlántico Sur",2024,10,Abusos sexuales con acceso carnal (violaciones),41,41,2,38,1,21.510904,21.510904,2.0604112,40.627373
94,"Tierra del Fuego, Antártida e Islas del Atlántico Sur",2024,11,Otros delitos contra la integridad sexual,212,212,39,173,0,111.22712,111.22712,40.17802,184.96146
94,"Tierra del Fuego, Antártida e Islas del Atlántico Sur",2024,11_1,Tentativa de abuso sexual con acceso carnal,0,0,0,0,0,0,0,0,0
94,"Tierra del Fuego, Antártida e Islas del Atlántico Sur",2024,11_2,Abuso sexual simple,19,19,1,18,0,9.9684677,9.9684677,1.0302056,19.244545
94,"Tierra del Fuego, Antártida e Islas del Atlántico Sur",2024,11_3,Abuso sexual agravado,192,192,38,154,0,100.73399,100.73399,39.147816,164.64777
94,"Tierra del Fuego, Antártida e Islas del Atlántico Sur",2024,11_4,Ciberdelitos sexuales vinculados a menores,0,0,0,0,0,0,0,0,0
94,"Tierra del Fuego, Antártida e Islas del Atlántico Sur",2024,11_5,Otros delitos contra la integridad sexual,1,1,0,1,0,.52465624,.52465624,0,1.0691414
94,"Tierra del Fuego, Antártida e Islas del Atlántico Sur",2024,12,Delitos contra el estado civil,1,0,0,0,0,.52465624,0,0,0
94,"Tierra del Fuego, Antártida e Islas del Atlántico Sur",2024,13,Amenazas,1068,0,0,0,0,560.33282,0,0,0
94,"Tierra del Fuego, Antártida e Islas del Atlántico Sur",2024,14,Otros delitos contra la libertad,28,28,8,17,3,14.690374,14.690374,8.2416449,18.175404
94,"Tierra del Fuego, Antártida e Islas del Atlántico Sur",2024,14_1,Trata de personas simple,7,7,1,4,2,3.6725936,3.6725936,1.0302056,4.2765656
94,"Tierra del Fuego, Antártida e Islas del Atlántico Sur",2024,14_2,Trata de personas agravado,0,0,0,0,0,0,0,0,0
94,"Tierra del Fuego, Antártida e Islas del Atlántico Sur",2024,14_3,Otros delitos contra la libertad,21,21,7,13,1,11.01778,11.01778,7.2114396,13.898838
94,"Tierra del Fuego, Antártida e Islas del Atlántico Sur",2024,15,Robos (excluye los agravados por el resultado de lesiones y/o muertes),515,0,0,0,0,270.19797,0,0,0
94,"Tierra del Fuego, Antártida e Islas del Atlántico Sur",2024,16,Tentativas de robo (excluye las agravadas por el res. de lesiones y/o muerte),109,0,0,0,0,57.187527,0,0,0
94,"Tierra del Fuego, Antártida e Islas del Atlántico Sur",2024,17,Robos agravados por el resultado de lesiones y/o muertes,1,0,0,0,0,.52465624,0,0,0
94,"Tierra del Fuego, Antártida e Islas del Atlántico Sur",2024,18,Tentativas de robo agravado por el resultado de lesiones y/o muertes,0,0,0,0,0,0,0,0,0
94,"Tierra del Fuego, Antártida e Islas del Atlántico Sur",2024,19,Hurtos,1211,0,0,0,0,635.3587,0,0,0
94,"Tierra del Fuego, Antártida e Islas del Atlántico Sur",2024,20,Tentativas de hurto,179,0,0,0,0,93.91346,0,0,0
94,"Tierra del Fuego, Antártida e Islas del Atlántico Sur",2024,21,Otros delitos contra la propiedad,2343,0,0,0,0,1229.2695,0,0,0
94,"Tierra del Fuego, Antártida e Islas del Atlántico Sur",2024,21_1,Extorsiones,5,0,0,0,0,2.623281,0,0,0
94,"Tierra del Fuego, Antártida e Islas del Atlántico Sur",2024,21_2,Secuestros extorsivos,0,0,0,0,0,0,0,0,0
94,"Tierra del Fuego, Antártida e Islas del Atlántico Sur",2024,21_3,Estafas y defraudaciones (no incluye virtuales) y usura,377,0,0,0,0,197.79539,0,0,0
94,"Tierra del Fuego, Antártida e Islas del Atlántico Sur",2024,21_4,Estafas y defraudaciones asistidas virtualmente,959,0,0,0,0,503.14532,0,0,0
94,"Tierra del Fuego, Antártida e Islas del Atlántico Sur",2024,21_5,Daños (no incluye informáticos),948,0,0,0,0,497.37408,0,0,0
94,"Tierra del Fuego, Antártida e Islas del Atlántico Sur",2024,21_6,Acceso ilegal a sistemas informáticos y daños informáticos,0,0,0,0,0,0,0,0,0
94,"Tierra del Fuego, Antártida e Islas del Atlántico Sur",2024,21_7,Otros delitos contra la propiedad,54,0,0,0,0,28.331436,0,0,0
94,"Tierra del Fuego, Antártida e Islas del Atlántico Sur",2024,22,Delitos contra la seguridad pública,48,0,0,0,0,25.183498,0,0,0
94,"Tierra del Fuego, Antártida e Islas del Atlántico Sur",2024,22_1,Fabricación adquisición transferencia y tenencia de explosivos y otros materiales peligrosos,0,0,0,0,0,0,0,0,0
94,"Tierra del Fuego, Antártida e Islas del Atlántico Sur",2024,22_2,Tenencia ilegal de armas de fuego,2,0,0,0,0,1.0493125,0,0,0
94,"Tierra del Fuego, Antártida e Islas del Atlántico Sur",2024,22_3,Portación ilegal de armas de fuego,3,0,0,0,0,1.5739686,0,0,0
94,"Tierra del Fuego, Antártida e Islas del Atlántico Sur",2024,22_4,Acopio y fabricación ilegal de armas piezas y municiones,0,0,0,0,0,0,0,0,0
94,"Tierra del Fuego, Antártida e Islas del Atlántico Sur",2024,22_5,Entrega y comercialización ilegal de armas de fuego,0,0,0,0,0,0,0,0,0
94,"Tierra del Fuego, Antártida e Islas del Atlántico Sur",2024,22_6,Omisión adulteración y supresión de marcaje,0,0,0,0,0,0,0,0,0
94,"Tierra del Fuego, Antártida e Islas del Atlántico Sur",2024,22_7,Otros delitos contra la seguridad pública,43,0,0,0,0,22.560217,0,0,0
94,"Tierra del Fuego, Antártida e Islas del Atlántico Sur",2024,23,Delitos contra el orden público,9,0,0,0,0,4.7219062,0,0,0
94,"Tierra del Fuego, Antártida e Islas del Atlántico Sur",2024,24,Delitos contra la seguridad de la nación,0,0,0,0,0,0,0,0,0
94,"Tierra del Fuego, Antártida e Islas del Atlántico Sur",2024,25,Delitos contra los poderes públicos y el orden constitucional,0,0,0,0,0,0,0,0,0
94,"Tierra del Fuego, Antártida e Islas del Atlántico Sur",2024,26,Delitos contra la administración pública,10,0,0,0,0,5.246562,0,0,0
94,"Tierra del Fuego, Antártida e Islas del Atlántico Sur",2024,27,Delitos contra la fe pública,7,0,0,0,0,3.6725936,0,0,0
94,"Tierra del Fuego, Antártida e Islas del Atlántico Sur",2024,28,Ley 23.737 (estupefacientes),67,0,0,0,0,35.151966,0,0,0
94,"Tierra del Fuego, Antártida e Islas del Atlántico Sur",2024,28_1,Siembra y producción de estupefacientes,2,0,0,0,0,1.0493125,0,0,0
94,"Tierra del Fuego, Antártida e Islas del Atlántico Sur",2024,28_2,Comercialización y entrega de estupefacientes,36,0,0,0,0,18.887625,0,0,0
94,"Tierra del Fuego, Antártida e Islas del Atlántico Sur",2024,28_3,Tenencia o entrega atenuada de estupefacientes,4,0,0,0,0,2.0986249,0,0,0
94,"Tierra del Fuego, Antártida e Islas del Atlántico Sur",2024,28_4,Desvío de Importación de estupefacientes,0,0,0,0,0,0,0,0,0
94,"Tierra del Fuego, Antártida e Islas del Atlántico Sur",2024,28_5,Organización y financiación de estupefacientes,0,0,0,0,0,0,0,0,0
94,"Tierra del Fuego, Antártida e Islas del Atlántico Sur",2024,28_6,Tenencia simple de estupefacientes,5,0,0,0,0,2.623281,0,0,0
94,"Tierra del Fuego, Antártida e Islas del Atlántico Sur",2024,28_7,Tenencia simple atenuada para uso personal de estupefacientes,4,0,0,0,0,2.0986249,0,0,0
94,"Tierra del Fuego, Antártida e Islas del Atlántico Sur",2024,28_8,Confabulación de estupefacientes,1,0,0,0,0,.52465624,0,0,0
94,"Tierra del Fuego, Antártida e Islas del Atlántico Sur",2024,28_9,Contrabando de estupefacientes,1,0,0,0,0,.52465624,0,0,0
94,"Tierra del Fuego, Antártida e Islas del Atlántico Sur",2024,28_10,Otros delitos previstos en la ley 23.737,14,0,0,0,0,7.3451872,0,0,0
94,"Tierra del Fuego, Antártida e Islas del Atlántico Sur",2024,29,Delitos previstos en otras leyes,3339,0,0,0,0,1751.8271,0,0,0
94,"Tierra del Fuego, Antártida e Islas del Atlántico Sur",2024,29_1,Ley de residuos peligrosos,0,0,0,0,0,0,0,0,0
94,"Tierra del Fuego, Antártida e Islas del Atlántico Sur",2024,29_2,Ley de fauna,9,0,0,0,0,4.7219062,0,0,0
94,"Tierra del Fuego, Antártida e Islas del Atlántico Sur",2024,29_3,Delitos migratorios,301,0,0,0,0,157.92152,0,0,0
94,"Tierra del Fuego, Antártida e Islas del Atlántico Sur",2024,29_4,Obstrucción del código aduanero,1,0,0,0,0,.52465624,0,0,0
94,"Tierra del Fuego, Antártida e Islas del Atlántico Sur",2024,29_5,Contrabando Simple,23,0,0,0,0,12.067093,0,0,0
94,"Tierra del Fuego, Antártida e Islas del Atlántico Sur",2024,29_6,Contrabando Agravado,1,0,0,0,0,.52465624,0,0,0
94,"Tierra del Fuego, Antártida e Islas del Atlántico Sur",2024,29_7,Contrabando de elementos nucleares agresivos químicos armas y municiones,0,0,0,0,0,0,0,0,0
94,"Tierra del Fuego, Antártida e Islas del Atlántico Sur",2024,29_8,Otros delitos previstos en leyes especiales,3004,0,0,0,0,1576.0673,0,0,0
94,"Tierra del Fuego, Antártida e Islas del Atlántico Sur",2024,30,Contravenciones,327,0,0,0,0,171.56258,0,0,0
94,"Tierra del Fuego, Antártida e Islas del Atlántico Sur",2024,31,Suicidios (consumados),18,18,15,3,0,10.258632,10.258632,16.802582,3.4806821
94,"Tierra del Fuego, Antártida e Islas del Atlántico Sur",2024,32,Delitos contra el orden económico y financiero,1,0,0,0,0,.52465624,0,0,0
